,title,summary,rating
0,이딴여행,여행포토툰,9.79
1,과학고 생존일지,과학고에 간 문과생,9.81
2,고인물 연애,15년차 커플 일상,9.81
3,마피아게임에 어서오세요,살인 마피아게임,9.69
4,가영실장,병원 실장의 일상,9.65
5,선연,민민 상담동아리,9.62
6,아빠는 N살,아빠 4컷 그림일기,9.90
7,산군대잔치,강아지 산군의 일상,9.87
8,우리는 그래서 만났잖아_찌맥툰,찌맥툰,9.76
9,와더풀하우스 신혼생활,갑자기 결혼하기!,9.54
10,고양이와 집사,특별한 반려동물,9.75
11,여긴 불빛이 안 드는 곳이야,학교 로맨스 코미디,9.84
12,일렉트릭 마이 라이프,밴드를 하자!,9.78
13,나의 카이생활,카이스트 일상툰,9.65
14,검의계승자,판타지,9.70
15,카페 타이쿤,언니의 카페이야기,9.62
16,옥탑방 고양이,어쩌다 동거,9.62
17,용사·마왕·우주인,낙제 용사 이야기,9.85
18,신혼식물,원시식물인간,9.84
19,무쇠,악과 선의 이야기.,9.81
20,"괜찮아, 고3이야",너와나의 리얼고3툰,9.90
21,그래도 조금 공부되는 만화,황당 수업 진행,9.41
22,실험학교,변형자들의 학교,9.90
23,무선혜드셋 정보툰!!,잡상식을 재미있게,9.87
24,오늘의 후기,매일 살아가는 후기,9.77
25,집에 핀 봄팡이,파란만장 백수라이프,9.22
26,너구리네 육아일기,육아일기,9.78
27,"네, 아직 아파요",정병러 그림 일기,9.48
28,푸들가족,독립한 반려동물,9.58
29,고고고,집사가 되어라!!!,9.90
30,21세기 밴드 (21C BAND),음악과 사랑 이야기,7.08
31,호수마을에서 기억나?,캠퍼스 성장 로맨스,9.48
32,호호도시농부,초보도시농사 체험기,9.64
33,24시간,살인마를피해탈출하라,9.66
34,안녕오존,오존의 일상개그툰!,9.88
35,액터즈 나이트,약자들의 생존전략,8.86
36,데빌사위,처갓집이 히어로일가,9.78
37,소환진이 좀 이상해 보이는 건 기분 탓이겠지,판타지!,9.91
38,H O P E,인류를 위한 임무,9.55
39,펜타가드:PENTAGOD,신이 되어버린 인간,9.51
40,테이커,17살의 킬러,9.84
41,더 퀑 스핀오프(The Quanx Spinoff),덴경대 집합!,8.98
42,오늘의 난,"오늘의 난, 난그림",9.35
43,가족입니다.,가족 이야기,9.34
44,순임이,엄마의 엄마 이야기,9.88
45,살인교사,사람을 죽였습니다.,9.57
46,일상견문록,해외 여행 일상툰,9.89
47,집에서 뒹굴뒹굴,집에서 애둘 키우기,9.80
48,미필은 노하이,대한군필 만세!!,9.86
49,전셋집 꾸미는 만화,셀프 인테리어 만화,9.85
50,봉산코믹스,비극과희극 단편선,9.77
51,별을 향해,별 여행 이야기,9.07
52,158동 진상부부,부부의 진짜 일상,9.48
53,카르엘,인어와 칼과 흉터,7.68
54,낯가리는 관종,낯가리는 관종일기,9.82
55,파운드캣,식빵을 닮은 고양이,9.89
56,제목이 7080 만화,7080 이야기,9.89
57,산으로 가는 부부,산에서 일하면,9.85
58,북한의 아이,복희의 성장 스토리,9.02
59,연하는 별로,서린과 연하남과 썸,9.72
60,나의 대주주가 되어주오,소꿉친구와 재회,9.67
61,나에게도 꽃향기가,살인마 사랑이야기,9.80
62,불사소년,죽지 않는 소년,8.45
63,로로의 일본생활 다이어리,일본 생활 다이어리,9.86
64,중딩의 학교생활,중학생의 일상,8.31
65,우당탕 입큰이,입만 살았네,9.79
66,우당탕탕 휘삐 생존기,n잡러 한국어 선생,9.84
67,귀신 들린 도시,SF 퇴마 액션,9.80
68,궤짝,어두운본성을마주하다,9.71
69,외국 in 한국,영국인의한국생활,9.86
70,무적철인 반대가리,올드스쿨 로봇액션,9.06
71,이상기온,아슬아슬 밀당로맨스,9.75
72,견생＆묘생,견생 묘생 이야기,8.56
73,결혼잔혹사,10년차 맞벌이부부,9.75
74,양궁부 입니다,양궁부 일상,9.74
75,이래봬도2학년,초등학교 이야기!,9.77
76,양지리정신병원,정신병원에 갇히다,9.16
77,남편봇과 사는법,로봇같은남편과 살기,9.90
78,카오스이론,오브젝트헤드 판타지,9.89
79,만렙 할배,할아버지 판타지,9.77
80,가스맨,엥 내가 히어로?,8.91
81,제줌마의별하루,제주아줌마의 하루,9.73
82,예수쟁이 다이어리,예수쟁이의 일상,9.29
83,일상과 망상,블랙코미디,8.93
84,채똘일기,채똘일기,9.60
85,원래부터 아무것도 없었던 세계,원더랜드는실존하나요,9.84
86,쪼꼼한 일기장,장애아 육아 공감,9.70
87,맹랑맘마,오리지널 일기,9.74
88,용사연구소,마법장비 연구한다!,9.62
89,좀비 플래너,좀비 플래너,9.82
90,테일 오브 빌런,동화속악당의 이야기,9.89
91,일월의 선화,판타지,9.80
92,우리집 강아지는 복슬강아지,댕댕이와의 일상:3,9.87
93,사자머리와호깜대,뻔뻔한 냥이들의일상,9.74
94,좀비탈출록 좀순,좀비 탈출 시트콤,9.41
95,막내는 다 알아요!,다섯 가족의 일상,9.80
96,댕댕천국,강아지별 고군분투기,9.84
97,썸데이,언젠가 이루어 지길,8.52
98,죽 쑨 만화,아싸 대학생의 일상,9.78
99,아타나시아,마법과 불사,9.72
100,기억 속 너에게,판타지 성장물,8.95
101,시한부의 첫사랑,생명의 은인 찾기,9.53
102,자작 보드게임 동아리,자작 보드게임 만화,9.77
103,나만 모르는 이야기,혼자인사람들의이야기,9.70
104,어쩌다 주짓수,어쩌다 주짓수 코치,9.67
105,찔레꽃  그너머,임진왜란과 서민의삶,9.80
106,죽탱이,MMA 격투 성장기,8.34
107,다람쥐 란란,마이웨이 일상,9.87
108,줄을 끊는 인형,나를 찾고 싶어,9.18
109,나는 0대생,공대생 일상툰,9.82
110,소소캣다이어리,"엉뚱, 사색, 코믹",9.71
111,하루땃따,시트콤 같은 일상툰,9.90
112,어둠의 일상툰,어둠의 일상,9.71
113,전직 히키코모리 갱생툰,한 번 잡숴보슈,9.57
114,김작가의 오춘기 그림일기,오춘기를 앓고있어요,9.85
115,나홀로 짠,혼술 이야기,9.83
116,부부사기단 늬우스,금요일 연재,9.78
117,잘먹는 가,본격 음식예찬툰!,9.82
118,HAPPY BIRTHDAY,로맨스판타지,9.56
119,휴르르의 개그만화 (러시아워),해외창업개그만화,9.90
120,두양고 찬양,성장 로맨스,9.31
121,그리마 콘텐츠,돈벌레 인간 방송,8.46
122,뭉가툰,뭉가의 개그일상,9.76
123,마음,천사들의 학교생활,9.41
124,우아툰 (우리 아이들 생각)_사랑하니까 시즌5,우리 아이들 생각,9.62
125,뱀파이어의 연금술,연금술사와 뱀파이어,9.72
126,신과 인간,신과 인간의 이야기,9.89
127,우리가 되기 위해서,엄마의 자취를 좇아,9.14
128,캠퍼S파이,마법학교 산업스파이,9.45
129,곰팡남녀,보통의 경계,9.90
130,나태한 마왕은 신과 싸우기로 결심한다.,신앙과 신념의 싸움,9.86
131,기억의 해석,난이의 성장 이야기,9.36
132,내일은 낯선 행성을 걷는다,밤 9시의 산책,9.81
133,런어웨이,초능력자들의 이야기,9.81
134,"뭐, 좀 느리면 어때",어른이 일기,9.48
135,고로나 바이러스,썩은 연애 구출기,8.90
136,달링은 넷우익,혐한하는 일본인남친,9.71
137,전지적 악녀 시점,썸네일 주인공 아님,8.84
138,나는 마요 집사로소이다,쉽지 않은 집사생활,9.87
139,둘이서 아싸 라이프,아싸로 살아가자,9.58
140,가수마왕,노래 부르는 마왕,9.25
141,감성 다방,휴머니즘 귀농 카페,9.36
142,우주동물원,우주동물원,9.78
143,여대생존기,재수후 들어간 여대,9.88
144,귀신갑사,원귀 퇴치부대,9.25
145,THE,자신을 찾을 이야기,9.69
146,도개걸윷모,구해야한다.,9.59
147,후손들의 이야기,SF,9.84
148,백일몽화원,매력세계관 판타지,9.71
149,오디네리 피플,"우리집, 당신집, 누군가의 집. 그저 평범한 가족이야기!",9.41
150,사랑비,"사랑비,첫사랑",7.84
151,살아서 만납시다,PTSD일기,9.76
152,집순이에 대하여,집순이들의 일상,9.79
153,방구석수필,실화 단편 에피소드,9.90
154,지렁이 수프,이상한 그리고,9.41
155,내 담당일진!,일진과찐따의로맨스,8.20
156,난봉꾼의 메타픽스,장르를 지켜라,9.49
157,클로지오,기억조각모음,8.48
158,앨리스 찾기,새로운 잔혹동화,9.76
159,유아독존,주인공의 성장극,6.71
160,신령의 아이,딸 바보 신령님,9.66
161,우리들만의 싸이커,프리스타일축구웹툰,7.90
162,"안녕, 나의 길고양이",길고양이와 공대생,9.69
163,류마데시스,다크 액션 판타지,8.79
164,데드리프트,리프터를 위한 웹툰,9.77
165,Baby Boy Brother,연하남 9인 공략기,9.76
166,일상중의 일상툰,상중의 이상한 일상,9.53
167,여신님의 계약남은 불로불사!?,여 계 불,9.38
168,분노의 난임일기,난임 정복 웹툰!,9.75
169,악마법소녀,마법과 내뱉은 말,9.90
170,우리들은 미미미,음식 일상툰,9.88
171,똥꼬발랄댕댕이,개알못아줌마이야기,9.01
172,육식 토끼,소심 토끼 반항기,9.76
173,낮잠 자는 사람들,창작인밀착일상툰,9.89
174,외고생은 왜 고생?,외고생의 실화 일상,9.40
175,리베르,"모험,판타지",9.31
176,도원향,우주경찰서 도원향,9.88
177,새벽인력,꿈꾸는 일용직,9.78
178,살인귀,살인귀들,9.10
179,가족이되는과정,아기천사가 찾아왔다,9.86
180,그릇!,동양현대판타지,9.84
181,긁지 않은 복권,날씬 복권,9.37
182,시놉시스,작업실 로맨스,9.73
183,소중한 하루를 살다,소중한 일상 만들기,9.65
184,강호,두목의 아들 최강호,8.96
185,그때로 돌아갈 수 있다면,추리 범죄 스릴러,8.96
186,사이코 엔젤,감정없는 천사,9.29
187,새하얀 나비다드,좌충우돌하는 학생들,9.72
188,봄과 여름 사이,과잉보호하는 동생,9.29
189,너와 가까워지는 거리,소프트BL,9.72
190,반오십부터 그림일기,평범한 으른일기,9.83
191,얘! 알바야,편의점 알바 일상,9.84
192,피스메이커,서부극 액션 활극,9.70
193,CMYK,의식의 흐름 만화,9.17
194,결혼하고 싶지 않았는데 못하게 되었다.,안하느냐 못했느냐,9.85
195,미스터 신데렐라,신데렐라가 남자라면,9.79
196,마법사와 꼬마,운명일까?,9.84
197,옆집에 그녀가 산다,옆집의 특별한그녀!,9.56
198,무적!호랑권!,"권법, 친구, 일상",9.68
199,다시 한 번 리유스!,두번째 청춘,9.72
200,시나브로,모르는사이에 조금씩,9.85
201,연은 그려낸다,초능력 두뇌싸움,9.69
202,블러드문,로맨스 판타지,9.74
203,헤이쟝,고양이 쟝의 일상,9.79
204,국밥소녀,국밥에 미친 소녀,9.38
205,시카 단편선,여러가지 단편들,9.86
206,도둑잡기,학교에 도둑이 있다,9.46
207,누루누루 음식만화,음식 탐닉 일상툰,9.90
208,핫캣일기,느긋한 열정 고양이,9.81
209,킬링타임,일상 블랙코미디,9.85
210,게으른 고양이의 soso한 카페이야기,카페운영일상툰,9.84
211,교수도 사람이다,교수도 사람입니다,9.79
212,별이도령,저승왕 아들 이야기,9.62
213,제제와 함께,장애아이와 형제,9.78
214,질주,초능력 판타지,9.83
215,난편하다,주인공의 성장스토리,9.69
216,모두의 단편선,모두가함께하는웹툰,9.85
217,드라코 하트 (Drache Heart),몬스터 레벨업스토리,8.73
218,로판도 식후경,밥 먹고 합시다!,9.89
219,예열온도 300도,2009년 정복기,8.24
220,소심인사회,소심인사회,9.88
221,육아도 경력이 될 수 있다면,육아 에세이툰,9.72
222,연금술사 도로시,사랑과 연금술,9.09
223,나를 양지바른 곳에 묻어줄래?,운명을 돌파하라,9.04
224,신과의 대화,즐거운 이야기,9.75
225,황녀의 기사,판타지 드라마,9.88
226,노른자들,늘 혼자들의 이야기,9.75
227,파도의 포말,로맨스 성장물,9.87
228,마왕이 되는 방법,자유연재,9.84
229,백발의 유성,액션/로맨스판타지,9.03
230,강한누나,남장누나,9.56
231,김치걸 밀크티보이,국제결혼일상툰,9.86
232,"다시, 닻별",엉뚱발랄 일상이야기,5.99
233,틈,틈을파고드는 이야기,9.85
234,언베일,미스터리 로맨스,8.91
235,어스,히어로에게 맞선다.,9.58
236,사랑을 찾아드립니다!,꽃차로 사랑찾기,9.71
237,문어숙희숙회,문어숙회를 위하여!,9.74
238,너만 바라 봄,캠퍼스 로맨스,9.48
239,페이탈 레시피,오감 지배 스토킹,9.59
240,비타(VITA),복수를 위한 여정,9.36
241,두 번째 영웅,복수와 음모...,9.62
242,만월에 핀 연꽃,고려시대 사랑이야기,9.68
243,너는 나의 2%,소꿉친구 병맛로맨스,9.90
244,그래도 하루는,희노애락 투병일기,9.88
245,아빠를 위하여,아빠와의 1년,9.90
246,저승의 사원이 되어주세요,저승에서 일해주세요,7.99
247,치와와의 오후,알콩달콩 연애툰,9.88
248,휨프리,언어의 진화,9.03
249,"나랑, 아니면",시아와 하루이야기,8.52
250,당신의 쓸모,우리는 식물성이야!,9.29
251,싱글맘맘이야,싱글맘의 생생 실화,9.92
252,지극히 평범한 생활,!! 일상툰 !!,9.89
253,어느날의 인어,인어와의 로맨스,8.49
254,숲의 향연,완결.,9.74
255,계약 연애 제1수칙,절대 좋아하지 않기,9.80
256,남사친의 정의,너희 둘 사귀어?,9.78
257,한지붕 새가족,꿀잼 가족 시트콤!,9.65
258,띵동! 도토리에요,너튜브하는 마법사,9.78
259,전지적덕후시점,나의 덕질 라이프,9.69
260,라떼는 말이야,흑역사 파티원 모집,9.75
261,맹랑맘마 memory,리메이크 일기,9.75
262,해체부대,요즘 군대 이야기,9.56
263,겨울살이,집순이웹망생의 일상,9.73
264,소라비의 잡화점,#로판  #남장여자,9.84
265,엔젤인얼스(Angel in Earth),천사와 인간 콜라보,9.30
266,불손한 친구들,"일상, 개그툰",9.87
267,세 번째 뜨는 해,감정을 들키기 싫어,7.45
268,디제이구름 단편집,.,9.71
269,애플 마크,친해질리가 없어,9.37
270,새벽녘 그늘에 피어난,어우러지는,9.82
271,바닥에 뻗어버린 60세,요양보호사의근무일지,9.87
272,종말의 아신,종말을 막아라,8.39
273,꽃도둑,부활꽃을 훔치자!,9.00
274,매일 고백,매일 고백하는 만화,9.80
275,5분안에 남친만들기,5분루프 로맨스릴러,8.91
276,라이즈(RISE),너의 마력은 루시퍼,9.79
277,누나미워!,누나와 동생의 일상,9.90
278,꼬밍 베이커리,"소원의 빵, 꼬밍",9.61
279,"청월, 물에 비친 달",경화수월(鏡花水月),9.13
280,카나와 초나의 독일,독일 생존기,9.88
281,어디사세요,맞춤형아파트프로젝트,9.82
282,기행 공포단편집,공포만화 단편선,9.89
283,은하!,SF모험만화,9.88
284,식봉툰,일상적인 이야기,8.61
285,나락,나락으로 갈수없어,9.02
286,위시(WISH),뱀파이어소녀와아저씨,9.72
287,찬숙씨의 봄,따뜻한 우리 이야기,9.88
288,재워주는 사이,재워드릴테니재워줘요,9.17
289,사실은 잡지사가 되고 싶었습니다,66100 이야기,9.55
290,만신비망록,퇴마사 이야기,9.88
291,우주n은하,우주에서 온 소녀들,9.87
292,배달의가족,배달식당 생존기,9.42
293,끄트머리 도회,어느 디스토피아세계,9.67
294,좌충우돌 미대생존기,미대생의 일상,9.65
295,드림걸즈,그녀들의 농구이야기,9.00
296,여우말고 알바생?!,일상 로맨스 판타지,9.63
297,B연애주의,연애는 선택,8.83
298,너의 뒤에서,사랑따위...,9.68
299,열여섯과 스물 그 사이,툭탁 격정 로맨스,9.02
300,오 사장님은 상사병,오사장의상사병고치기,9.69
301,이렇게 음침한 내가 너를 좋아해도 될까?!,좋아하게 해줘!,9.78
302,힐러인데 마왕!?,세계관 최강 힐러,9.85
303,별을 품은 꽃,로맨스일상,9.56
304,고냥고냥,취준생 고냥이,9.90
305,루저들의 산티아고,리얼배낭여행기,9.85
306,랭커앤랭커,초능력학원물,9.80
307,저승파견고용직,기묘한 러브액션로망,9.90
308,딴 짓이 제일 재밌어,딴 짓 찾아 놀기,9.81
309,이프위,불과 물의 연애,9.84
310,서울아포칼립스,좀비아포칼립스 만화,9.68
311,화분,그런 세상 이야기,9.90
312,퇴마도시,도시의 요괴사냥!,9.23
313,에이전트,대한민국비밀특수요원,9.68
314,루이와 졸개들 R,나만알고싶은 양아치,9.78
315,원포인트,배구를통한성장드라마,8.67
316,막장동화에 어서오렴! (feat.동화원정대),막장 판타지 동화!,9.31
317,달토끼,달에서 온 무언가,9.72
318,미가식당,뜨거워지는 열혈!,9.31
319,오마이갓,신을 뽑는 오디션,9.59
320,시바하루 (시바견의 하루),기숙사  일상물,9.68
321,휴지통,잔부스러기같은 행복,9.88
322,아틀레냐 비바체,치유계 개판물,9.89
323,신들의 킬러텔,신을죽이고도망친킬러,9.76
324,조의 괴기만화,괴기한 만화,9.79
325,게임에 접속했습니다!,게임하는 고딩들,9.77
326,나나유치원,액션 배틀물,9.56
327,지렸다,28세 아기,9.57
328,우리 카페 사장님이 이상하다,이상한 카페 알바기,9.91
329,[GL] 유빈이는 기여운데,본격 여고 로맨스,9.64
330,안녕 나의 수집,오늘은 뭘 비울까?,9.87
331,페카텀,신과 사제의 이야기,9.78
332,졸렬☆다이나믹,우당탕탕 블랙코미디,9.89
333,리드래프트,야구에 만약이있다면,9.81
334,"여기, 제일무학고등학교",남장여주 로코학원물,9.83
335,모지리전,바보 무리 기록본,9.27
336,시크릿 하숙집,판타지 시트콤,9.78
337,엔딩 페어리 메이커,내게 빙의한 아이돌,9.26
338,애쉬그레이,판타지,9.90
339,나의 여름방학,영수의 여름방학,9.40
340,천사의 학교,천사반 살아남기,9.34
341,어시스턴트입니다,어시스턴트의 일상,9.78
342,코실룩코실룩,토끼는 마성의 동물,9.73
343,로단테 퀘스트,판타지 활극 드라마,9.88
344,목소리의 그늘,"성우, 성장 로맨스",9.90
345,1년 동안 잘 부탁해!,우당탕탕 기숙학교!,9.52
346,그들이 사는 세상,과고에서 1등하기,8.88
347,8470원만 주면 KISS 해주는 놈,인터넷소설 세상으로,9.60
348,이름 없는 나에게,윤하와 주변 이야기,9.43
349,고백점프!,고백으로 혼내주기?,9.72
350,여우신부&뱀신랑,뱀과 구미호 이야기,9.75
351,오사와 오폐수들,오레오사냥꾼의 일상,9.91
352,이클립스,중세풍 판타지,9.85
353,두부소녀,손대면 두부로 변해,9.45
354,오늘도 먹음머금,밥 먹는 두 친구,9.89
355,베텔게우스,별과 시간과 사람,9.58
356,클러치샷,길거리 농구 TV쇼,9.46
357,김네몽로그,귀여운엄마 김네몽,9.70
358,매우의 방콕 생활일기,태국 방콕 일상툰,9.86
359,에고 인 휴고,지킬 박사의 후손,9.81
360,악몽친구?,악몽.. 찢는다,8.32
361,개구멍을 타고 온 그대,"꿈,청춘 그리고현실",9.29
362,한국 고대의 신화,고대 신화 이야기,9.80
363,정령왕즈,정령왕들이 조잘조잘,9.88
364,우리 어린이집 이야기,어린이집 일상이야기,9.80
365,칼람의 신들,수메르 신화,9.89
366,본격 북유럽 신화 만화,신화 설명하는 만화,9.90
367,세상은 그대를 중심으로,운명의 중심 호인,9.53
368,봄이 자주 오는 이유,편지로 이어진 운명,8.89
369,나의 밤을 부탁해,동거 로맨스,9.90
370,티레시아스,판타지 순정만화,9.82
371,배반을 모르는 푸른 꽃을 위하여,로맨스 판타지,9.66
372,범고래아가씨,달달한 연애일상,9.67
373,아라군주,범고래 판타지 액션,9.61
374,학교가는 고등어,요즘애들이란 이상해,9.86
375,거짓말쟁이 윗치,거짓말쟁이 윗치,9.77
376,던전 헌터 그 녀석들,던전의 기묘한 헌터,9.88
377,부서진 평시,변호사의 추리소설,9.83
378,임신해서그래,임산부 공감툰,9.53
379,매그니피센트,위대한 우리들,9.82
380,창귀,사람이 사라지는 숲,9.82
381,충견,괴물과 싸우는 괴물,9.18
382,[일상 로맨스] 그냥 선생님,선생님의 일상로맨스,9.89
383,이데아 프로젝트,능력자 판타지,9.83
384,제 4의 벽,우린 만화 캐릭터다,9.40
385,그 냉장고 안에서는,냉장고 속에서,9.74
386,망했다 튀어라,만화,9.85
387,패러렐 필름,평행세계 로맨스,9.55
388,우리반 여신,행운의여신우리학교에,9.42
389,마녀사냥,마녀사냥,9.48
390,깨끗한 사람은 없다!,환경미화 드라마,8.39
391,인문학 거저보기 ~서양철학편~,서양철학자 TMI,9.88
392,내 여사친은 투명인간!,내여사친은 투명인간,9.39
393,어느날 보청기,보청기 이야기,9.89
394,우리네 이야기,유쾌한 직장인들,9.75
395,꽃집 그 형,하면 안 되는 것,9.19
396,학의동굴,동굴에서 살아남기,9.49
397,내 열정은 최고조!,일상 에피소드!,9.58
398,"알고 싶니 마음, #심리툰 by 팔호광장",알고싶니 마음,9.79
399,다이브,미스터리 성장물,8.71
400,초능력의 도시,초능력 판타지,9.73
401,귀신 청정구역,귀신도 귀신 무서움,8.60
402,아엠낫히어로,악당영웅의아이키우다,9.28
403,아수라게이트,아수라 죽이기,9.43
404,500원 토끼,500원토끼의일상,9.74
405,버츄얼 이온,버튜버가 된 소녀,7.76
406,깜빡깜빡,반짝이의 일상,9.90
407,망탁,호러 액션 느와르,9.51
408,렌즈빨 홍석순,혹시 내 눈 예뻐?,9.48
409,나를 죽이는 방법,지워낼수 없는 후회,9.81
410,어린공주,코믹 동화 판타지,9.90
411,까만 동화 : 인형의 집,잔혹동화,9.85
412,모던 던전 판타지아,골드러쉬 던전판타지,9.83
413,녹는점,지구온난화,9.69
414,나비의 세계,여름 감성 판타지,9.76
415,원룸202호,추리 스릴러,8.67
416,9 나인,밀실 감금 스릴러,9.61
417,"어게인, 아린!",잔혹동화 판타지,9.73
418,오마이셋!!!,애가 셋입니다만..,9.89
419,시나브로,sf개그판타지,8.65
420,웰시네 부부에세이,삶 그림에세이,9.59
421,말의 씨앗을 보는 아이,말이 씨가 된다.,9.81
422,일찍 자고 일찍 일어나기,아침형 뱀파이어,9.90
423,가드,판타지 액션,9.44
424,두 개의 무덤을 팠다,그날의 복수를 위해,9.89
425,STONE AGE,스릴러 판타지,9.89
426,별새의 여행자,소녀의 우주여행기,8.97
427,점심을 위하여,대학 점심을 위하여,9.71
428,상지은 하시원,취업 성장 로맨스,8.91
429,흑묘,검은 고양이 사냥꾼,9.71
430,두리안은 과일이 아니야!,두리안이 나타났다!,9.44
431,여우자매,네이버화요웹툰,9.90
432,네일을 향해 쏴라,남자의 네일 도전기,8.28
433,LOST & FOUND,네 마음이 보여!,8.32
434,흑월의기사,괴물과 괴물사냥꾼,9.71
435,바람을 실은 메아리 (바람과 소원),정식연재공지!,9.80
436,정글라이프,절망과 희망사이,9.84
437,굥이의 하루,굥가족.. 귀농하다,9.67
438,그대 손에 물든 초록,세 명의 워맨스,9.58
439,신혼좀비,좀비 패밀리,9.88
440,이슬톡톡,이슬이가 7명?!,9.54
441,루텔,력家네 일상 이야기,9.89
442,능력안경,안경장르 만화,9.90
443,집에가고싶다,집곰팡이의 일상,9.90
444,법치국가法治國家,법을 마법으로 쓴다,9.47
445,연애일기,소소한 연애 일상,9.90
446,하나리즈,레즈비언 커플이야기,9.00
447,연애 의학,대학병원 로맨스,9.11
448,데드 존 피플,빛을 쫒는 아이들,9.76
449,눈을 떴을 때,이세계 액션 판타지,8.90
450,오늘부터 G.A.B님과 함께 살게 되었습니다,"이 보안만화,웃기다",8.38
451,끽 단편선,끽연 단편집,9.11
452,내가 누구냐 묻거든,내 몸 돌려줘,8.26
453,재테크는 스크루지,초보자용 재테크웹툰,9.70
454,영주,영주 이야기,9.72
455,서툴고 어리숙해도 좋아하는,내가 걜 죽였다고?,9.88
456,[BL] HOLY JUNK,두 사람의 삶,9.58
457,바프일기,바디프로필 도전일지,9.72
458,나는 딸이다,괴물엄마와 인간 딸,9.79
459,오늘 또 후회,후회하면 뭐 어때!,9.48
460,정떨어지는로맨스,감정을잃어가는사람들,8.06
461,soso한 보통의,보통의 일상들,9.83
462,엑스트라 Z씨,Z씨의 발버둥,9.90
463,연하남에게 고백 받기까지 앞으로 30화,연재 협의 중,8.58
464,에스테리아,작은 별의 주인,9.85
465,인류 선별 부서,기어오르는 소녀,9.30
466,귀신잡는 해병대,헤이빠빠리빠,8.94
467,슬기로운 재수생활,재수생활 염탐하기,9.80
468,죽어도 좋아해요,유령여중생연애,9.43
469,마루하루,11살 강아지 마루,9.81
470,후르츠렌즈!,과일들중인연찾기!,9.79
471,눈사람사람,사람이 되고 싶어?,9.28
472,하나의 시간,특이한 고양이 하나,9.77
473,기후위기인간,지구와나의 연결고리,9.90
474,찬란의 날,'칩'이 나타났다.,9.84
475,날림생활기,날아간 일상을 기록,9.84
476,사예의 식이장애 일지,식이장애 이야기,9.76
477,성별역전,소꿉친구,9.69
478,이상낙원,마법 학원 판타지,9.89
479,이 세계 마왕님,인간소녀와 괴물마왕,9.86
